admin_name,email,password,shop_id
炭火焼肉呼友,shop1@example.com,J2awU3Ym,1
「和民」小野店,shop2@example.com,Ck2LzqWM,2
ファミリー居酒屋 しゃかりき小野店,shop3@example.com,B7a4Rid9,3
サイゼリヤイオン小野店,shop4@example.com,S4kuAptz,4
ミルカーズ,shop5@example.com,Vc8s739R,5
産直海鮮居酒家浜焼太郎小野店,shop6@example.com,X9sP6awC,6
万勝寺創庵,shop7@example.com,Bu7QT49S,7
花きゃべつ,shop8@example.com,Qk6NdHmV,8
ぷらっときすみの,shop9@example.com,g3RvHyYt,9
芦屋cafe＆sweets Kagura,shop10@example.com,dN8ZGwFr,10
小野塩元帥,shop11@example.com,cP8tAgfT,11
えびす庵,shop12@example.com,Us7rWeJY,12
お食事処すえひろ,shop13@example.com,Zk6uqR5A,13
CAFFE di COPOLI,shop14@example.com,Fv4JkLC2,14
ふぐ料理福和家,shop15@example.com,Z3akE5nb,15
地鶏屋小野店,shop16@example.com,bF4HhktR,16
ごちそう村小野店,shop17@example.com,Gx6ykEnd,17
うを弘,shop18@example.com,xA3h4Ykt,18
いち家,shop19@example.com,Kt6grN7w,19
焼肉商店あきんど,shop20@example.com,fD8FWkNY,20
居酒屋蔵,shop21@example.com,Y2qPNHJw,21
どんぐり,shop22@example.com,jL9Qy8EY,22
さかい珈琲小野店,shop23@example.com,He8dBGTN,23
喫茶たっくん,shop24@example.com,i4CPvdzL,24
みなみ,shop25@example.com,L2g6FKMB,25
串揚げ居酒屋からっと亭,shop26@example.com,Dr26QBzK,26
あけぼの寿司,shop27@example.com,k7D8JqMN,27
Bam Bino,shop28@example.com,Gp8E59qW,28
豊源,shop29@example.com,t4T6HrhQ,29
やきとり山波,shop30@example.com,a8YrGDfu,30
馬肉専門店乱丸,shop31@example.com,iQ2Dm3gC,31
大村ラーメン,shop32@example.com,aD6kjG34,32
はらもと焼鳥店,shop33@example.com,n4Xmseg5,33
たけだ,shop34@example.com,M5zskHny,34
和ダイニング四六時中 小野店,shop35@example.com,G2zsMpxR,35
食事処 五人囃,shop36@example.com,cB9ZuMUr,36
HOWBI,shop37@example.com,d9HyqRKD,37
キャッスル,shop38@example.com,Ek5YeKb3,38
Avenue de LAPAIX,shop39@example.com,q4NJjTi2,39
bian mall,shop40@example.com,mL6GQPfw,40
玉田ボート緑の家,shop41@example.com,fR6XH2MJ,41
花丸,shop42@example.com,Gi3Xwudx,42
大長丸,shop43@example.com,Zm2FJgb5,43
日高屋,shop44@example.com,i8WPgpHD,44
食事処ひまわり,shop45@example.com,a7V2NAcq,45
スタジオパッション,shop46@example.com,M6ftu4Qz,46
カラオケ喫茶 勝,shop47@example.com,P3yWCHFM,47
肉ハウスAZ,shop48@example.com,n5RETVmf,48
焼肉松岡,shop49@example.com,Rj3Y8zmi,49
ごはんやうの花,shop50@example.com,K4ism9gp,50
円吉,shop51@example.com,rC8uJxXG,51
夢しちりん,shop52@example.com,fB9d5zLH,52
中華料理 金福,shop53@example.com,Hj4vgbxB,53
やきとり暫,shop54@example.com,Sz29LETZ,54
福寿,shop55@example.com,X7naHPDE,55
焼き鳥おやき,shop56@example.com,zT6B3Jid,56
小野絶好調らーめん,shop57@example.com,v4F2nPTw,57
MATURARE マトゥラーレ,shop58@example.com,w9WpCNLx,58
天ぷら割烹 ひろ乃,shop59@example.com,pZ5G3ERj,59
和食 雅 いのうえ,shop60@example.com,v9HkCXMy,60
赤い鳥 市場店,shop61@example.com,zM8KjDHB,61
居酒屋 のん兵衛,shop62@example.com,eX5WSvCZ,62
日本料理 萬福,shop63@example.com,M9sXxWtK,63
喫茶四季,shop64@example.com,Mx6WU5gf,64
カレー和牛かつめし勝平,shop65@example.com,h6Y7vPEW,65
グリーンハウス,shop66@example.com,Bn2TZgQU,66
天下一品 小野店,shop67@example.com,uP5DcQ3V,67
誉田の館 いろどり,shop68@example.com,E6ny8FCH,68
ミスタードーナツ イオン小野,shop69@example.com,aR7HA5tp,69
うまいもん横丁小野店,shop70@example.com,n3WSdrLD,70
大和,shop71@example.com,Tx8YFPWL,71
松義,shop72@example.com,f3VQwjMG,72
かくれ家,shop73@example.com,wS4RYXsP,73
グリーングラス,shop74@example.com,Cj6EmKVq,74
鳥ちゅう,shop75@example.com,Wk48KUAM,75
獅子銀 ゆぴか店,shop76@example.com,Dc4YFnsx,76
山海,shop77@example.com,j8V7Xivp,77
シェリル,shop78@example.com,v8DC7sTV,78
BAR ZIPPER,shop79@example.com,M7zCNe9j,79
ちどり,shop80@example.com,k7FgYUBq,80
ラーメン 八角 小野店,shop81@example.com,X5mc8TRG,81
クローバーハウス,shop82@example.com,rD2PNvmq,82
入舟,shop83@example.com,Rc7TCUzs,83
やきとり大吉 葉多店,shop84@example.com,nS67FMu9,84
かおるちゃん,shop85@example.com,Zk7c25xb,85
かんぱい,shop86@example.com,Q9ce3XAL,86
獅子銀 小野店,shop87@example.com,mF2Qpt7Z,87
おがわ,shop88@example.com,e3ZBwNDJ,88
ほのか,shop89@example.com,Bc8F9Ruj,89
松屋,shop90@example.com,Mt2ReEDK,90
さくら屋,shop91@example.com,c4CReBtU,91
丸味,shop92@example.com,P5zemDEx,92
らんめん,shop93@example.com,X7kS6hGs,93
DINING 凜花,shop94@example.com,yF3mKS82,94
なずな食堂,shop95@example.com,dM9B5KQp,95
くるま,shop96@example.com,K7rvFkBA,96
カフェ ムーンローズ,shop97@example.com,s6Gpgx5Z,97
鳥一松本,shop98@example.com,B8ktvMLf,98
石焼 とり翔,shop99@example.com,u8P9WKNY,99
カラオケキッサ さつき,shop100@example.com,K2uGLftn,100
山水荘,shop101@example.com,y7ML2KNi,101
小山尚美園,shop102@example.com,aN4HuAFY,102
好きやめん,shop103@example.com,g8BGQJLi,103
カラオケスカイ 小野店,shop104@example.com,Mv9A6R42,104
大釜屋 小野店,shop105@example.com,eF6DAjiJ,105
くいしん坊,shop106@example.com,Pa8Q7Xcq,106
KAゑMON,shop107@example.com,Lj57Kmyg,107
ふるさとカフェ お茶○ん,shop108@example.com,Sh9UeDdb,108
きららのお昼ごはん,shop109@example.com,jG6ZMEqw,109
ステーキ吉田,shop110@example.com,c7XSNn5H,110
nonna,shop111@example.com,C2hZsegn,111
椿屋珈琲店,shop112@example.com,Yq8AuGMy,112
居酒屋 笑いや,shop113@example.com,Vu9kqWxB,113
穴門 炭火焼鳥,shop114@example.com,aU7TpSMk,114
雅,shop115@example.com,dZ6NkxhF,115
CAFE’ DE ARCHE,shop116@example.com,Zh3umvB2,116
由紀,shop117@example.com,q2JLRFVx,117
串GEN,shop118@example.com,x7D2M3Bh,118
炭火焼肉 いっきゅう,shop119@example.com,yU4wQNEu,119
赤い鳥,shop120@example.com,Gz3cNnZq,120
誠友,shop121@example.com,j6HmU3JX,121
風の森,shop122@example.com,cM8hyeVK,122
ジョイフル 兵庫小野店,shop123@example.com,Yn2Dci97,123
凰蘭,shop124@example.com,Cw7q4vsp,124
クレオール,shop125@example.com,Wz8TBJdm,125
ザコーヒー・クラブ,shop126@example.com,V3tBwce8,126
焼肉 ふくろう,shop127@example.com,sR956jeY,127
マカール,shop128@example.com,L3wxfVhX,128
スピリッツ,shop129@example.com,eQ6CUzSw,129
GRIZZLYcoffee＆climbingwall,shop130@example.com,A2vST7Ep,130
バニー,shop131@example.com,tM9nYXeL,131
よしくら,shop132@example.com,Sj6DPUXr,132
ぷらっときすみの 2号店,shop133@example.com,C8gaXSME,133
ローズウッドゴルフクラブレストラン,shop134@example.com,A4rCesDb,134
のんだりya,shop135@example.com,K9yTMaPA,135
お好み焼き 小町,shop136@example.com,W2fxFNPm,136
ふぐ料理＆割烹 孫市,shop137@example.com,e4VGnt5j,137
そろばん亭,shop138@example.com,Dt78jMaZ,138
アルティジャーナ ロッソ,shop139@example.com,mM7kKSpW,139
だるま家 小野店,shop140@example.com,bS9kBm2x,140
